{"cameraMode":{"drawMode":0,"name":"Shaded","section":"Shading Mode"},"sceneLighting":true,"audioPlay":false,"sceneViewState":{"showFog":false,"showMaterialUpdate":false,"showSkybox":true,"showFlares":true,"showImageEffects":true,"showParticleSystems":true},"in2DMode":false,"pivot":{"x":25.072471618652345,"y":9.194337844848633,"z":8.18838882446289},"rotation":{"x":0.035607580095529559,"y":-0.8250411748886108,"z":0.052296463400125507,"w":0.5615396499633789},"size":8.752837181091309,"orthographic":false}