{"cameraMode":{"drawMode":0,"name":"Shaded","section":"Shading Mode"},"sceneLighting":true,"audioPlay":false,"sceneViewState":{"showFog":false,"showMaterialUpdate":false,"showSkybox":true,"showFlares":true,"showImageEffects":true,"showParticleSystems":true},"in2DMode":false,"pivot":{"x":-10.997369766235352,"y":-0.5083236694335938,"z":-1.5934128761291505},"rotation":{"x":-0.10822667181491852,"y":0.7878848314285278,"z":-0.14484171569347382,"w":-0.5886960625648499},"size":9.165274620056153,"orthographic":false}