{"cameraMode":{"drawMode":0,"name":"Shaded","section":"Shading Mode"},"sceneLighting":false,"audioPlay":false,"sceneViewState":{"showFog":false,"showMaterialUpdate":false,"showSkybox":false,"showFlares":true,"showImageEffects":true,"showParticleSystems":true},"in2DMode":false,"pivot":{"x":-1641.08154296875,"y":45.41999816894531,"z":1396.810546875},"rotation":{"x":-0.1808229386806488,"y":0.5792380571365356,"z":-0.13367724418640138,"w":-0.7835294604301453},"size":1.658312439918518,"orthographic":false}