{"cameraMode":{"drawMode":0,"name":"Shaded","section":"Shading Mode"},"sceneLighting":false,"audioPlay":false,"sceneViewState":{"showFog":false,"showMaterialUpdate":false,"showSkybox":false,"showFlares":true,"showImageEffects":true,"showParticleSystems":true},"in2DMode":false,"pivot":{"x":5.960464477539063e-8,"y":3.359999656677246,"z":-1.1920928955078126e-7},"rotation":{"x":-0.36369770765304568,"y":0.35498708486557009,"z":-0.1523129940032959,"w":-0.8476516008377075},"size":1.6583123207092286,"orthographic":false}